[
    {
        "name": "Garden",
        "city": "Coimbatore",
        "type": "Veg",
        "cuisine": ["Indian", "Chinese"]
    },
    {
        "name": "Insic",
        "city": "Mysore",
        "type": "Veg",
        "cuisine": ["Indian","Continental"]
    },
    {
        "name": "ITC",
        "city": "Chennai",
        "type": "Non-Veg",
        "cuisine": ["Indian", "Chinese"]
    },
    {
        "name": "Hablis",
        "city": "Bangalore",
        "type": "Non-Veg",
        "cuisine": ["Italian", "Italian"]
    },
    {
        "name": "Delhi Darbar",
        "city": "Delhi",
        "type": "Non-Veg",
        "cuisine": ["Indian", "Chinese"]
    },
    {
        "name": "Bojan",
        "city": "Mumbai",
        "type": "Veg",
        "cuisine": ["South-Indian","Indian"]
    }
]