[{"empId":123,"empName":"Phaniraj","empAddress":"Bangalorefssd","empSalary":"670005"},{"empId":124,"empName":"Vinod Kumar","empAddress":"Shimoga","empSalary":"47000"},{"empId":125,"empName":"Robert Martin","empAddress":"Chennai","empSalary":"66000"},{"empId":"","empName":"TestName","empAddress":"TestAddress","empSalary":"34000"},{"empId":"","empName":"TestingName","empAddress":"TestingAddress","empSalary":"4444"},{"empId":"144","empName":"Richard","empAddress":"Pune","empSalary":"24455"},{"empId":"123","empName":"Phaniraj","empAddress":"Bangalorefssd","empSalary":"670005"},{"empId":"1234","empName":"ddd","empAddress":"ffdd","empSalary":"32"},{"empId":"123","empName":"afsafa","empAddress":"dasgasdg","empSalary":"322"},{"empId":"3444","empName":"Vdsjvn","empAddress":"Helooan","empSalary":"35000"},{"empId":"1234","empName":"visak","empAddress":"asdfsf","empSalary":"23452"},{"empId":"1234","empName":"Vsiavsna","empAddress":"nadkfb","empSalary":"2663"},{"empId":"123","empName":"ddd","empAddress":"asf","empSalary":"9000"},{"empId":"1243","empName":"Vhsds","empAddress":"sdffsd","empSalary":"3232"}]