[{ "UserId": 123, "UserName": "Phaniraj", "UserAddress": "Bangalorefssd", "UserSalary": "670005" }, { "UserId": "144", "UserName": "Richard", "UserAddress": "Pune", "UserSalary": "24455" }, { "UserId": "123", "UserName": "Phaniraj", "UserAddress": "Bangalorefssd", "UserSalary": "670005" }, { "UserId": "1234", "UserName": "ddd", "UserAddress": "ffdd", "UserSalary": "32" }, { "UserId": "123", "UserName": "afsafa", "UserAddress": "dasgasdg", "UserSalary": "322" }, { "UserId": "3444", "UserName": "Vdsjvn", "UserAddress": "Helooan", "UserSalary": "35000" }, { "UserId": "1234", "UserName": "visak", "UserAddress": "asdfsf", "UserSalary": "23452" }, { "UserId": "1234", "UserName": "Vsiavsna", "UserAddress": "nadkfb", "UserSalary": "2663" }, { "UserId": "123", "UserName": "ddd", "UserAddress": "asf", "UserSalary": "9000" }, { "UserId": "1243", "UserName": "Vhsds", "UserAddress": "sdffsd", "UserSalary": "3232" }, { "UserId": "123", "UserName": "Visvak kumar", "UserAddress": "34432fgdffg", "UserSalary": "332455" }, { "UserId": "5677", "UserName": "gyui", "UserAddress": "hjikoil", "UserSalary": "6788" }]